{"cameraMode":{"drawMode":0,"name":"Shaded","section":"Shading Mode"},"sceneLighting":false,"audioPlay":false,"sceneViewState":{"showFog":true,"showMaterialUpdate":false,"showSkybox":false,"showFlares":true,"showImageEffects":true,"showParticleSystems":true},"in2DMode":false,"pivot":{"x":20.837890625,"y":16.952999114990236,"z":-1.7920517921447755},"rotation":{"x":0.1180429756641388,"y":-0.6859027743339539,"z":0.11421453952789307,"w":0.7089203000068665},"size":1.4289417266845704,"orthographic":false}